neighbourhood,comment,timestamp
Marymount,"Excellent shopping malls and entertainment hubs, though parking is a huge pain.",1578369147000
Pasir Ris,Overcrowded buses and trains during rush hour ruin an otherwise pleasant place to live.,1664337657000
Chinatown,"The vibe here is really artistic and creative, with lots of quirky little shops and cafés.",1589962587000
Redhill,"Hard to find parking, and drivers can be aggressive, but local shops are worth the hassle.",1659377711000
Sembawang,"The area is historic and full of charm, but tourists crowd it on weekends.",1586550821000
Farrer Road,"Rents are overpriced for what you get, but some people might be okay paying for convenience.",1741924971000
Hougang,"Fresh produce, peaceful evenings, and helpful neighbors — couldn’t ask for more.",1705586312000
Yio Chu Kang,There are way too many cars and the noise never stops. I wouldn't recommend it for families.,1615874984000
Tanah Merah,"Small, quiet streets with minimal traffic. It's a great escape from the city's chaos.",1730881804000
HarbourFront,"A bit rundown in places, but it has heart. You can tell people really care about it.",1639174497000
Marsiling,I love how peaceful and green this area is. It's a hidden gem with lovely walking trails.,1677775472000
Tiong Bahru,"The food options are amazing, and there's a strong sense of community here. Definitely a plus.",1592899347000
Buona Vista,"I moved here for work, and honestly, the commute is brutal. Not ideal if you value your time.",1661548529000
Botanic Gardens,"A lot of new construction going on, which means dust and noise, but also potential growth.",1591342299000
Yio Chu Kang,"It's clean, quiet, and has good schools nearby. A fantastic place to raise kids.",1579085516000
Buangkok,"The air quality is better than most parts of the city, which is a huge win for me.",1595982471000
Holland Village,"Everywhere is walkable and beautifully maintained, but nightlife is practically nonexistent.",1614565712000
Kovan,"Lots of construction dust and uneven roads, but it’s expected with all the new developments.",1659139823000
Yishun,"It’s a student-heavy area, which keeps things lively, but also makes it noisy at night.",1586563824000
Buangkok,"Parks and open spaces are everywhere, but the roads are a nightmare during peak hours.",1662295833000
Bukit Gombak,I adore the local bakeries and morning atmosphere. It's a refreshing start to each day.,1580052227000
Bras Basah,"Friendly neighbors, chill environment, but it's too far from the city for my liking.",1701806049000
Hougang,"While it's generally safe, there have been some sketchy incidents late at night that concern me.",1656213508000
Nicoll Highway,"The crime rate is low, but the lack of entertainment options makes weekends feel boring.",1644091656000
Yishun,"There's a great farmer's market every weekend, and it's very pet friendly too!",1587056725000
Dhoby Ghaut,A mix of modern and traditional culture makes living here quite interesting.,1720625795000
Khatib,"Great for outdoor lovers — cycling trails, nature reserves, and scenic lookouts everywhere.",1703087310000
Pasir Ris,"Public transport is top-notch, but the cost of living has really shot up recently.",1653344902000
Promenade,"It’s affordable and spacious, but I wish there were more community events.",1604237535000
Stadium,"I’ve had some great memories here, but lately it feels like the area is losing its charm.",1740749309000
Kovan,"Excellent shopping malls and entertainment hubs, though parking is a huge pain.",1740862621000
Punggol,Overcrowded buses and trains during rush hour ruin an otherwise pleasant place to live.,1663899635000
Kallang,"The vibe here is really artistic and creative, with lots of quirky little shops and cafés.",1705509048000
Raffles Place,"Hard to find parking, and drivers can be aggressive, but local shops are worth the hassle.",1609385909000
Potong Pasir,"The area is historic and full of charm, but tourists crowd it on weekends.",1591513322000
Tuas Crescent,"Rents are overpriced for what you get, but some people might be okay paying for convenience.",1623814802000
Lakeside,"Fresh produce, peaceful evenings, and helpful neighbors — couldn’t ask for more.",1606034340000
Dakota,There are way too many cars and the noise never stops. I wouldn't recommend it for families.,1706617055000
Tampines,"Small, quiet streets with minimal traffic. It's a great escape from the city's chaos.",1634258451000
Pasir Ris,"A bit rundown in places, but it has heart. You can tell people really care about it.",1708129417000
Lakeside,I love how peaceful and green this area is. It's a hidden gem with lovely walking trails.,1707346047000
Expo,"The food options are amazing, and there's a strong sense of community here. Definitely a plus.",1707957002000
Lorong Chuan,"I moved here for work, and honestly, the commute is brutal. Not ideal if you value your time.",1619851529000
Marsiling,"A lot of new construction going on, which means dust and noise, but also potential growth.",1604761577000
Novena,"It's clean, quiet, and has good schools nearby. A fantastic place to raise kids.",1620340948000
Nicoll Highway,"The air quality is better than most parts of the city, which is a huge win for me.",1669350261000
Yew Tee,"Everywhere is walkable and beautifully maintained, but nightlife is practically nonexistent.",1614519240000
Esplanade,"Lots of construction dust and uneven roads, but it’s expected with all the new developments.",1692210349000
Kovan,"It’s a student-heavy area, which keeps things lively, but also makes it noisy at night.",1659859488000
City Hall,"Parks and open spaces are everywhere, but the roads are a nightmare during peak hours.",1600365007000
Tanah Merah,I adore the local bakeries and morning atmosphere. It's a refreshing start to each day.,1593272936000
Woodlands,"Friendly neighbors, chill environment, but it's too far from the city for my liking.",1702899412000
Little India,"While it's generally safe, there have been some sketchy incidents late at night that concern me.",1709020130000
Kent Ridge,"The crime rate is low, but the lack of entertainment options makes weekends feel boring.",1714650867000
Bugis,"There's a great farmer's market every weekend, and it's very pet friendly too!",1635226594000
Choa Chu Kang,A mix of modern and traditional culture makes living here quite interesting.,1663571240000
Yishun,"Great for outdoor lovers — cycling trails, nature reserves, and scenic lookouts everywhere.",1670331606000
Buangkok,"Public transport is top-notch, but the cost of living has really shot up recently.",1704857955000
Clementi,"It’s affordable and spacious, but I wish there were more community events.",1670170669000
Mountbatten,"I’ve had some great memories here, but lately it feels like the area is losing its charm.",1641076253000
Kallang,"Excellent shopping malls and entertainment hubs, though parking is a huge pain.",1734001644000
Admiralty,Overcrowded buses and trains during rush hour ruin an otherwise pleasant place to live.,1738703698000
Marina South Pier,"The vibe here is really artistic and creative, with lots of quirky little shops and cafés.",1726287279000
Aljunied,"Hard to find parking, and drivers can be aggressive, but local shops are worth the hassle.",1737227905000
Novena,"The area is historic and full of charm, but tourists crowd it on weekends.",1635467816000
Newton,"Rents are overpriced for what you get, but some people might be okay paying for convenience.",1721319113000
Marina South Pier,"Fresh produce, peaceful evenings, and helpful neighbors — couldn’t ask for more.",1685476030000
Potong Pasir,There are way too many cars and the noise never stops. I wouldn't recommend it for families.,1620245701000
Tanjong Pagar,"Small, quiet streets with minimal traffic. It's a great escape from the city's chaos.",1743796125000
Tuas West Road,"A bit rundown in places, but it has heart. You can tell people really care about it.",1633944095000
Chinese Garden,I love how peaceful and green this area is. It's a hidden gem with lovely walking trails.,1643551285000
Yio Chu Kang,"The food options are amazing, and there's a strong sense of community here. Definitely a plus.",1627142484000
Tampines,"I moved here for work, and honestly, the commute is brutal. Not ideal if you value your time.",1668402352000
Tampines,"A lot of new construction going on, which means dust and noise, but also potential growth.",1624539233000
Kent Ridge,"It's clean, quiet, and has good schools nearby. A fantastic place to raise kids.",1631499877000
Dhoby Ghaut,"The air quality is better than most parts of the city, which is a huge win for me.",1723917822000
one-north,"Everywhere is walkable and beautifully maintained, but nightlife is practically nonexistent.",1681901438000
Caldecott,"Lots of construction dust and uneven roads, but it’s expected with all the new developments.",1701997393000
Joo Koon,"It’s a student-heavy area, which keeps things lively, but also makes it noisy at night.",1725706168000
Promenade,"Parks and open spaces are everywhere, but the roads are a nightmare during peak hours.",1620800609000
Kranji,I adore the local bakeries and morning atmosphere. It's a refreshing start to each day.,1720897260000
Farrer Road,"Friendly neighbors, chill environment, but it's too far from the city for my liking.",1739343649000
Khatib,"While it's generally safe, there have been some sketchy incidents late at night that concern me.",1657811130000
Farrer Road,"The crime rate is low, but the lack of entertainment options makes weekends feel boring.",1606207860000
Tanah Merah,"There's a great farmer's market every weekend, and it's very pet friendly too!",1726973739000
Marina South Pier,A mix of modern and traditional culture makes living here quite interesting.,1723513640000
Boon Lay,"Great for outdoor lovers — cycling trails, nature reserves, and scenic lookouts everywhere.",1673746421000
Woodleigh,"Public transport is top-notch, but the cost of living has really shot up recently.",1619755104000
Admiralty,"It’s affordable and spacious, but I wish there were more community events.",1606496077000
Admiralty,"I’ve had some great memories here, but lately it feels like the area is losing its charm.",1726503552000
Punggol Coast,"Excellent shopping malls and entertainment hubs, though parking is a huge pain.",1739232585000
Ang Mo Kio,Overcrowded buses and trains during rush hour ruin an otherwise pleasant place to live.,1589183035000
Tiong Bahru,"The vibe here is really artistic and creative, with lots of quirky little shops and cafés.",1595970276000
Chinese Garden,"Hard to find parking, and drivers can be aggressive, but local shops are worth the hassle.",1720022214000
Novena,"The area is historic and full of charm, but tourists crowd it on weekends.",1604775736000
Simei,"Rents are overpriced for what you get, but some people might be okay paying for convenience.",1641396255000
Tuas West Road,"Fresh produce, peaceful evenings, and helpful neighbors — couldn’t ask for more.",1670419737000
Serangoon,There are way too many cars and the noise never stops. I wouldn't recommend it for families.,1624473544000
HarbourFront,"Small, quiet streets with minimal traffic. It's a great escape from the city's chaos.",1737600330000
Sembawang,"A bit rundown in places, but it has heart. You can tell people really care about it.",1695032946000
Hougang,I love how peaceful and green this area is. It's a hidden gem with lovely walking trails.,1593410243000
Newton,"The food options are amazing, and there's a strong sense of community here. Definitely a plus.",1670653166000
Kovan,"I moved here for work, and honestly, the commute is brutal. Not ideal if you value your time.",1577920160000
Dover,"A lot of new construction going on, which means dust and noise, but also potential growth.",1633919899000
Tanjong Pagar,"It's clean, quiet, and has good schools nearby. A fantastic place to raise kids.",1666307375000
Bedok,"The air quality is better than most parts of the city, which is a huge win for me.",1620218902000
Orchard,"Everywhere is walkable and beautifully maintained, but nightlife is practically nonexistent.",1647073015000
Yishun,"Lots of construction dust and uneven roads, but it’s expected with all the new developments.",1598418417000
Bedok,"It’s a student-heavy area, which keeps things lively, but also makes it noisy at night.",1591148130000
Chinese Garden,"Parks and open spaces are everywhere, but the roads are a nightmare during peak hours.",1632027024000
Botanic Gardens,I adore the local bakeries and morning atmosphere. It's a refreshing start to each day.,1731698695000
Changi Airport,"Friendly neighbors, chill environment, but it's too far from the city for my liking.",1708230329000
Marymount,"While it's generally safe, there have been some sketchy incidents late at night that concern me.",1626498468000
Toa Payoh,"The crime rate is low, but the lack of entertainment options makes weekends feel boring.",1683663339000
MacPherson,"There's a great farmer's market every weekend, and it's very pet friendly too!",1672087450000
Lorong Chuan,A mix of modern and traditional culture makes living here quite interesting.,1715643212000
Tanjong Pagar,"Great for outdoor lovers — cycling trails, nature reserves, and scenic lookouts everywhere.",1700307147000
Clarke Quay,"Public transport is top-notch, but the cost of living has really shot up recently.",1735691184000
Chinese Garden,"It’s affordable and spacious, but I wish there were more community events.",1590807401000
Sengkang,"I’ve had some great memories here, but lately it feels like the area is losing its charm.",1730836174000
Esplanade,"Excellent shopping malls and entertainment hubs, though parking is a huge pain.",1674479025000
Yio Chu Kang,Overcrowded buses and trains during rush hour ruin an otherwise pleasant place to live.,1609212727000
Queenstown,"The vibe here is really artistic and creative, with lots of quirky little shops and cafés.",1677766201000
Marina South Pier,"Hard to find parking, and drivers can be aggressive, but local shops are worth the hassle.",1589335695000
Holland Village,"The area is historic and full of charm, but tourists crowd it on weekends.",1599723893000
Tai Seng,"Rents are overpriced for what you get, but some people might be okay paying for convenience.",1741078815000
Sembawang,"Fresh produce, peaceful evenings, and helpful neighbors — couldn’t ask for more.",1631605754000
HarbourFront,There are way too many cars and the noise never stops. I wouldn't recommend it for families.,1586980958000
Redhill,"Small, quiet streets with minimal traffic. It's a great escape from the city's chaos.",1664673429000
Dover,"A bit rundown in places, but it has heart. You can tell people really care about it.",1603787948000
Marina South Pier,I love how peaceful and green this area is. It's a hidden gem with lovely walking trails.,1736476371000
Tuas Crescent,"The food options are amazing, and there's a strong sense of community here. Definitely a plus.",1582671701000
Holland Village,"I moved here for work, and honestly, the commute is brutal. Not ideal if you value your time.",1677939508000
Khatib,"A lot of new construction going on, which means dust and noise, but also potential growth.",1720649284000
Buona Vista,"It's clean, quiet, and has good schools nearby. A fantastic place to raise kids.",1721733353000
Pasir Ris,"The air quality is better than most parts of the city, which is a huge win for me.",1691565383000
Bedok,"Everywhere is walkable and beautifully maintained, but nightlife is practically nonexistent.",1626352234000
Kranji,"Lots of construction dust and uneven roads, but it’s expected with all the new developments.",1633771621000
Buangkok,"It’s a student-heavy area, which keeps things lively, but also makes it noisy at night.",1650700824000
Sengkang,"Parks and open spaces are everywhere, but the roads are a nightmare during peak hours.",1592454917000
Ang Mo Kio,I adore the local bakeries and morning atmosphere. It's a refreshing start to each day.,1600091718000
Gul Circle,"Friendly neighbors, chill environment, but it's too far from the city for my liking.",1665071161000
Promenade,"While it's generally safe, there have been some sketchy incidents late at night that concern me.",1694595392000
Eunos,"The crime rate is low, but the lack of entertainment options makes weekends feel boring.",1593539326000
Admiralty,"There's a great farmer's market every weekend, and it's very pet friendly too!",1607708675000
one-north,A mix of modern and traditional culture makes living here quite interesting.,1585599317000
HarbourFront,"Great for outdoor lovers — cycling trails, nature reserves, and scenic lookouts everywhere.",1629283447000
Braddell,"Public transport is top-notch, but the cost of living has really shot up recently.",1664350131000
Admiralty,"It’s affordable and spacious, but I wish there were more community events.",1659503268000
Canberra,"I’ve had some great memories here, but lately it feels like the area is losing its charm.",1683611692000
City Hall,"Excellent shopping malls and entertainment hubs, though parking is a huge pain.",1611555035000
Expo,Overcrowded buses and trains during rush hour ruin an otherwise pleasant place to live.,1646938094000
Outram Park,"The vibe here is really artistic and creative, with lots of quirky little shops and cafés.",1715240999000
Dhoby Ghaut,"Hard to find parking, and drivers can be aggressive, but local shops are worth the hassle.",1610049552000
Canberra,"The area is historic and full of charm, but tourists crowd it on weekends.",1717696726000
Joo Koon,"Rents are overpriced for what you get, but some people might be okay paying for convenience.",1712351939000
Stadium,"Fresh produce, peaceful evenings, and helpful neighbors — couldn’t ask for more.",1694477089000
Serangoon,There are way too many cars and the noise never stops. I wouldn't recommend it for families.,1666237234000
Hougang,"Small, quiet streets with minimal traffic. It's a great escape from the city's chaos.",1591575560000
Sengkang,"A bit rundown in places, but it has heart. You can tell people really care about it.",1693748138000
Farrer Road,I love how peaceful and green this area is. It's a hidden gem with lovely walking trails.,1712750195000
Tanjong Pagar,"The food options are amazing, and there's a strong sense of community here. Definitely a plus.",1721885781000
Nicoll Highway,"I moved here for work, and honestly, the commute is brutal. Not ideal if you value your time.",1664877382000
Woodlands,"A lot of new construction going on, which means dust and noise, but also potential growth.",1702450662000
Novena,"It's clean, quiet, and has good schools nearby. A fantastic place to raise kids.",1718573724000
Yio Chu Kang,"The air quality is better than most parts of the city, which is a huge win for me.",1657108449000
Tuas Link,"Everywhere is walkable and beautifully maintained, but nightlife is practically nonexistent.",1635625251000
Commonwealth,"Lots of construction dust and uneven roads, but it’s expected with all the new developments.",1652272009000
Changi Airport,"It’s a student-heavy area, which keeps things lively, but also makes it noisy at night.",1629846335000
Lavender,"Parks and open spaces are everywhere, but the roads are a nightmare during peak hours.",1688251580000
Boon Keng,I adore the local bakeries and morning atmosphere. It's a refreshing start to each day.,1600081531000
Marymount,"Friendly neighbors, chill environment, but it's too far from the city for my liking.",1734521226000
Newton,"While it's generally safe, there have been some sketchy incidents late at night that concern me.",1694491103000
City Hall,"The crime rate is low, but the lack of entertainment options makes weekends feel boring.",1663148426000
Raffles Place,"There's a great farmer's market every weekend, and it's very pet friendly too!",1632907895000
Canberra,A mix of modern and traditional culture makes living here quite interesting.,1601002120000
Mountbatten,"Great for outdoor lovers — cycling trails, nature reserves, and scenic lookouts everywhere.",1630521388000
one-north,"Public transport is top-notch, but the cost of living has really shot up recently.",1629907527000
Serangoon,"It’s affordable and spacious, but I wish there were more community events.",1701954366000
Kembangan,"I’ve had some great memories here, but lately it feels like the area is losing its charm.",1710068224000
Bukit Gombak,"Excellent shopping malls and entertainment hubs, though parking is a huge pain.",1621206066000
Chinatown,Overcrowded buses and trains during rush hour ruin an otherwise pleasant place to live.,1743668855000
Lakeside,"The vibe here is really artistic and creative, with lots of quirky little shops and cafés.",1679005165000
Yew Tee,"Hard to find parking, and drivers can be aggressive, but local shops are worth the hassle.",1581789407000
Admiralty,"The area is historic and full of charm, but tourists crowd it on weekends.",1731069728000
Woodlands,"Rents are overpriced for what you get, but some people might be okay paying for convenience.",1631283638000
Clarke Quay,"Fresh produce, peaceful evenings, and helpful neighbors — couldn’t ask for more.",1667292126000
Caldecott,There are way too many cars and the noise never stops. I wouldn't recommend it for families.,1735842382000
Novena,"Small, quiet streets with minimal traffic. It's a great escape from the city's chaos.",1607972217000
Bugis,"A bit rundown in places, but it has heart. You can tell people really care about it.",1586245594000
Caldecott,I love how peaceful and green this area is. It's a hidden gem with lovely walking trails.,1700489821000
Boon Lay,"The food options are amazing, and there's a strong sense of community here. Definitely a plus.",1698860190000
Farrer Road,"I moved here for work, and honestly, the commute is brutal. Not ideal if you value your time.",1667817631000
Boon Keng,"A lot of new construction going on, which means dust and noise, but also potential growth.",1603209267000
Eunos,"It's clean, quiet, and has good schools nearby. A fantastic place to raise kids.",1669500827000
Farrer Park,"The air quality is better than most parts of the city, which is a huge win for me.",1593564309000
Clarke Quay,"Everywhere is walkable and beautifully maintained, but nightlife is practically nonexistent.",1609039759000
Lorong Chuan,"Lots of construction dust and uneven roads, but it’s expected with all the new developments.",1635360644000
Tuas West Road,"It’s a student-heavy area, which keeps things lively, but also makes it noisy at night.",1583092909000
Caldecott,"Parks and open spaces are everywhere, but the roads are a nightmare during peak hours.",1661217628000
Admiralty,I adore the local bakeries and morning atmosphere. It's a refreshing start to each day.,1708553679000
Dover,"Friendly neighbors, chill environment, but it's too far from the city for my liking.",1665637392000
Toa Payoh,"While it's generally safe, there have been some sketchy incidents late at night that concern me.",1640422802000
Buona Vista,"The crime rate is low, but the lack of entertainment options makes weekends feel boring.",1704002484000
Tiong Bahru,"There's a great farmer's market every weekend, and it's very pet friendly too!",1727291139000
Buangkok,A mix of modern and traditional culture makes living here quite interesting.,1631223850000
Potong Pasir,"Great for outdoor lovers — cycling trails, nature reserves, and scenic lookouts everywhere.",1681730349000
Dakota,"Public transport is top-notch, but the cost of living has really shot up recently.",1628918201000
Esplanade,"It’s affordable and spacious, but I wish there were more community events.",1690400459000
Ang Mo Kio,"I’ve had some great memories here, but lately it feels like the area is losing its charm.",1621903350000
Marina Bay,"Excellent shopping malls and entertainment hubs, though parking is a huge pain.",1600705919000
Botanic Gardens,Overcrowded buses and trains during rush hour ruin an otherwise pleasant place to live.,1597157660000
Dover,"The vibe here is really artistic and creative, with lots of quirky little shops and cafés.",1644613222000
Farrer Road,"Hard to find parking, and drivers can be aggressive, but local shops are worth the hassle.",1632596837000
Clementi,"The area is historic and full of charm, but tourists crowd it on weekends.",1689413262000
City Hall,"Rents are overpriced for what you get, but some people might be okay paying for convenience.",1602572874000
Kembangan,"Fresh produce, peaceful evenings, and helpful neighbors — couldn’t ask for more.",1586645809000
Orchard,There are way too many cars and the noise never stops. I wouldn't recommend it for families.,1605646950000
Farrer Park,"Small, quiet streets with minimal traffic. It's a great escape from the city's chaos.",1661645417000
Hougang,"A bit rundown in places, but it has heart. You can tell people really care about it.",1624888161000
Tiong Bahru,I love how peaceful and green this area is. It's a hidden gem with lovely walking trails.,1726037453000
Somerset,"The food options are amazing, and there's a strong sense of community here. Definitely a plus.",1649510280000
Woodleigh,"I moved here for work, and honestly, the commute is brutal. Not ideal if you value your time.",1686683378000
Dhoby Ghaut,"A lot of new construction going on, which means dust and noise, but also potential growth.",1646144014000
Orchard,"It's clean, quiet, and has good schools nearby. A fantastic place to raise kids.",1662735174000
Expo,"The air quality is better than most parts of the city, which is a huge win for me.",1725245310000
Newton,"Everywhere is walkable and beautifully maintained, but nightlife is practically nonexistent.",1696289038000
Esplanade,"Lots of construction dust and uneven roads, but it’s expected with all the new developments.",1693628532000
Admiralty,"It’s a student-heavy area, which keeps things lively, but also makes it noisy at night.",1734971744000
Paya Lebar,"Parks and open spaces are everywhere, but the roads are a nightmare during peak hours.",1627998191000
Pioneer,I adore the local bakeries and morning atmosphere. It's a refreshing start to each day.,1713518151000
Toa Payoh,"Friendly neighbors, chill environment, but it's too far from the city for my liking.",1611041042000
Buangkok,"While it's generally safe, there have been some sketchy incidents late at night that concern me.",1622633612000
Farrer Park,"The crime rate is low, but the lack of entertainment options makes weekends feel boring.",1734104016000
Buona Vista,"There's a great farmer's market every weekend, and it's very pet friendly too!",1619407511000
Ang Mo Kio,A mix of modern and traditional culture makes living here quite interesting.,1611860716000
Mountbatten,"Great for outdoor lovers — cycling trails, nature reserves, and scenic lookouts everywhere.",1682707852000
HarbourFront,"Public transport is top-notch, but the cost of living has really shot up recently.",1653808946000
Marina Bay,"It’s affordable and spacious, but I wish there were more community events.",1687484165000
Tuas Crescent,"I’ve had some great memories here, but lately it feels like the area is losing its charm.",1723465352000
Orchard,"Excellent shopping malls and entertainment hubs, though parking is a huge pain.",1704624897000
Buangkok,Overcrowded buses and trains during rush hour ruin an otherwise pleasant place to live.,1652535199000
Mountbatten,"The vibe here is really artistic and creative, with lots of quirky little shops and cafés.",1645967494000
Punggol Coast,"Hard to find parking, and drivers can be aggressive, but local shops are worth the hassle.",1695547358000
Kovan,"The area is historic and full of charm, but tourists crowd it on weekends.",1641633658000
Marina South Pier,"Rents are overpriced for what you get, but some people might be okay paying for convenience.",1709954705000
Sengkang,"Fresh produce, peaceful evenings, and helpful neighbors — couldn’t ask for more.",1704297996000
Sembawang,There are way too many cars and the noise never stops. I wouldn't recommend it for families.,1737968136000
Commonwealth,"Small, quiet streets with minimal traffic. It's a great escape from the city's chaos.",1669832617000
Dhoby Ghaut,"A bit rundown in places, but it has heart. You can tell people really care about it.",1671825585000
Tai Seng,I love how peaceful and green this area is. It's a hidden gem with lovely walking trails.,1636447181000
Boon Lay,"The food options are amazing, and there's a strong sense of community here. Definitely a plus.",1646395953000
Buona Vista,"I moved here for work, and honestly, the commute is brutal. Not ideal if you value your time.",1647206040000
Boon Lay,"A lot of new construction going on, which means dust and noise, but also potential growth.",1651688636000
Botanic Gardens,"It's clean, quiet, and has good schools nearby. A fantastic place to raise kids.",1646384282000
Woodleigh,"The air quality is better than most parts of the city, which is a huge win for me.",1671712323000
Bras Basah,"Everywhere is walkable and beautifully maintained, but nightlife is practically nonexistent.",1701770122000
Farrer Road,"Lots of construction dust and uneven roads, but it’s expected with all the new developments.",1608299444000
Boon Keng,"It’s a student-heavy area, which keeps things lively, but also makes it noisy at night.",1707457145000
Tuas West Road,"Parks and open spaces are everywhere, but the roads are a nightmare during peak hours.",1666971098000
Sembawang,I adore the local bakeries and morning atmosphere. It's a refreshing start to each day.,1660136215000
Stadium,"Friendly neighbors, chill environment, but it's too far from the city for my liking.",1727908670000
Nicoll Highway,"While it's generally safe, there have been some sketchy incidents late at night that concern me.",1617472628000
Queenstown,"The crime rate is low, but the lack of entertainment options makes weekends feel boring.",1638607841000
Clementi,"There's a great farmer's market every weekend, and it's very pet friendly too!",1718606290000
Braddell,A mix of modern and traditional culture makes living here quite interesting.,1686401079000
Dakota,"Great for outdoor lovers — cycling trails, nature reserves, and scenic lookouts everywhere.",1680553395000
Buona Vista,"Public transport is top-notch, but the cost of living has really shot up recently.",1711945919000
HarbourFront,"It’s affordable and spacious, but I wish there were more community events.",1672742559000
Expo,"I’ve had some great memories here, but lately it feels like the area is losing its charm.",1703655213000
Bukit Batok,"Excellent shopping malls and entertainment hubs, though parking is a huge pain.",1646863101000
Lakeside,Overcrowded buses and trains during rush hour ruin an otherwise pleasant place to live.,1651744680000
Marsiling,"The vibe here is really artistic and creative, with lots of quirky little shops and cafés.",1685931746000
Orchard,"Hard to find parking, and drivers can be aggressive, but local shops are worth the hassle.",1735954897000
Bukit Batok,"The area is historic and full of charm, but tourists crowd it on weekends.",1614084990000
Lakeside,"Rents are overpriced for what you get, but some people might be okay paying for convenience.",1628966594000
Yew Tee,"Fresh produce, peaceful evenings, and helpful neighbors — couldn’t ask for more.",1582409888000
Stadium,There are way too many cars and the noise never stops. I wouldn't recommend it for families.,1631891675000
Choa Chu Kang,"Small, quiet streets with minimal traffic. It's a great escape from the city's chaos.",1637662262000
Kembangan,"A bit rundown in places, but it has heart. You can tell people really care about it.",1648642738000
Buona Vista,I love how peaceful and green this area is. It's a hidden gem with lovely walking trails.,1726715793000
Choa Chu Kang,"The food options are amazing, and there's a strong sense of community here. Definitely a plus.",1707530932000
Woodlands,"I moved here for work, and honestly, the commute is brutal. Not ideal if you value your time.",1641043574000
Punggol,"A lot of new construction going on, which means dust and noise, but also potential growth.",1742714251000
Choa Chu Kang,"It's clean, quiet, and has good schools nearby. A fantastic place to raise kids.",1608085936000
City Hall,"The air quality is better than most parts of the city, which is a huge win for me.",1721304796000
Toa Payoh,"Everywhere is walkable and beautifully maintained, but nightlife is practically nonexistent.",1588843343000
Pioneer,"Lots of construction dust and uneven roads, but it’s expected with all the new developments.",1690517511000
Bedok,"It’s a student-heavy area, which keeps things lively, but also makes it noisy at night.",1642812918000
Nicoll Highway,"Parks and open spaces are everywhere, but the roads are a nightmare during peak hours.",1685099946000
Buona Vista,I adore the local bakeries and morning atmosphere. It's a refreshing start to each day.,1690038135000
Marsiling,"Friendly neighbors, chill environment, but it's too far from the city for my liking.",1674500034000
Gul Circle,"While it's generally safe, there have been some sketchy incidents late at night that concern me.",1723080959000
Bedok,"The crime rate is low, but the lack of entertainment options makes weekends feel boring.",1597309395000
Chinatown,"There's a great farmer's market every weekend, and it's very pet friendly too!",1643242342000
Khatib,A mix of modern and traditional culture makes living here quite interesting.,1732252536000
Bras Basah,"Great for outdoor lovers — cycling trails, nature reserves, and scenic lookouts everywhere.",1640914900000
Paya Lebar,"Public transport is top-notch, but the cost of living has really shot up recently.",1641506301000
Woodlands,"It’s affordable and spacious, but I wish there were more community events.",1593753807000
Serangoon,"I’ve had some great memories here, but lately it feels like the area is losing its charm.",1630592849000
Bukit Gombak,"Excellent shopping malls and entertainment hubs, though parking is a huge pain.",1624087931000
Lavender,Overcrowded buses and trains during rush hour ruin an otherwise pleasant place to live.,1601030279000
Pioneer,"The vibe here is really artistic and creative, with lots of quirky little shops and cafés.",1593251533000
Changi Airport,"Hard to find parking, and drivers can be aggressive, but local shops are worth the hassle.",1742983704000
Tiong Bahru,"The area is historic and full of charm, but tourists crowd it on weekends.",1628024861000
Tuas West Road,"Rents are overpriced for what you get, but some people might be okay paying for convenience.",1703531112000
Eunos,"Fresh produce, peaceful evenings, and helpful neighbors — couldn’t ask for more.",1596097643000
Canberra,There are way too many cars and the noise never stops. I wouldn't recommend it for families.,1734311043000
Eunos,"Small, quiet streets with minimal traffic. It's a great escape from the city's chaos.",1646955840000
Queenstown,"A bit rundown in places, but it has heart. You can tell people really care about it.",1704071575000
Bishan,I love how peaceful and green this area is. It's a hidden gem with lovely walking trails.,1658315978000
Stadium,"The food options are amazing, and there's a strong sense of community here. Definitely a plus.",1676379425000
Bishan,"I moved here for work, and honestly, the commute is brutal. Not ideal if you value your time.",1688308396000
Sembawang,"A lot of new construction going on, which means dust and noise, but also potential growth.",1670673332000
Newton,"It's clean, quiet, and has good schools nearby. A fantastic place to raise kids.",1731210906000
Boon Lay,"The air quality is better than most parts of the city, which is a huge win for me.",1664050570000
Bishan,"Everywhere is walkable and beautifully maintained, but nightlife is practically nonexistent.",1633537843000
Lakeside,"Lots of construction dust and uneven roads, but it’s expected with all the new developments.",1712734881000
Tuas Link,"It’s a student-heavy area, which keeps things lively, but also makes it noisy at night.",1735243137000
Simei,"Parks and open spaces are everywhere, but the roads are a nightmare during peak hours.",1624305633000
Stadium,I adore the local bakeries and morning atmosphere. It's a refreshing start to each day.,1711014696000
Bedok,"Friendly neighbors, chill environment, but it's too far from the city for my liking.",1695427564000
HarbourFront,"While it's generally safe, there have been some sketchy incidents late at night that concern me.",1606501251000
Dakota,"The crime rate is low, but the lack of entertainment options makes weekends feel boring.",1648863241000
Aljunied,"There's a great farmer's market every weekend, and it's very pet friendly too!",1585526899000
Bedok,A mix of modern and traditional culture makes living here quite interesting.,1701335309000
City Hall,"Great for outdoor lovers — cycling trails, nature reserves, and scenic lookouts everywhere.",1696984757000
Potong Pasir,"Public transport is top-notch, but the cost of living has really shot up recently.",1592867953000
Bugis,"It’s affordable and spacious, but I wish there were more community events.",1663976568000
Farrer Road,"I’ve had some great memories here, but lately it feels like the area is losing its charm.",1679047626000
Kranji,"Excellent shopping malls and entertainment hubs, though parking is a huge pain.",1719777608000
Bugis,Overcrowded buses and trains during rush hour ruin an otherwise pleasant place to live.,1583967362000
Raffles Place,"The vibe here is really artistic and creative, with lots of quirky little shops and cafés.",1621568822000
HarbourFront,"Hard to find parking, and drivers can be aggressive, but local shops are worth the hassle.",1736433496000
Hougang,"The area is historic and full of charm, but tourists crowd it on weekends.",1740818358000
Promenade,"Rents are overpriced for what you get, but some people might be okay paying for convenience.",1606703661000
Woodlands,"Fresh produce, peaceful evenings, and helpful neighbors — couldn’t ask for more.",1647335906000
Aljunied,There are way too many cars and the noise never stops. I wouldn't recommend it for families.,1622695955000
Bras Basah,"Small, quiet streets with minimal traffic. It's a great escape from the city's chaos.",1593946350000
Tuas Link,"A bit rundown in places, but it has heart. You can tell people really care about it.",1615335592000
Commonwealth,I love how peaceful and green this area is. It's a hidden gem with lovely walking trails.,1709595739000
Boon Lay,"The food options are amazing, and there's a strong sense of community here. Definitely a plus.",1738004109000
Tanah Merah,"I moved here for work, and honestly, the commute is brutal. Not ideal if you value your time.",1742565927000
Mountbatten,"A lot of new construction going on, which means dust and noise, but also potential growth.",1636146526000
Jurong East,"It's clean, quiet, and has good schools nearby. A fantastic place to raise kids.",1612402938000
Tuas West Road,"The air quality is better than most parts of the city, which is a huge win for me.",1600465200000
Dakota,"Everywhere is walkable and beautifully maintained, but nightlife is practically nonexistent.",1605396278000
Bugis,"Lots of construction dust and uneven roads, but it’s expected with all the new developments.",1611962669000
Promenade,"It’s a student-heavy area, which keeps things lively, but also makes it noisy at night.",1629571247000
Woodlands,"Parks and open spaces are everywhere, but the roads are a nightmare during peak hours.",1701689636000
Kallang,I adore the local bakeries and morning atmosphere. It's a refreshing start to each day.,1653397174000
Bishan,"Friendly neighbors, chill environment, but it's too far from the city for my liking.",1716325623000
Outram Park,"While it's generally safe, there have been some sketchy incidents late at night that concern me.",1597234393000
Bugis,"The crime rate is low, but the lack of entertainment options makes weekends feel boring.",1735879892000
Kranji,"There's a great farmer's market every weekend, and it's very pet friendly too!",1706675558000
Farrer Park,A mix of modern and traditional culture makes living here quite interesting.,1740006335000
Esplanade,"Great for outdoor lovers — cycling trails, nature reserves, and scenic lookouts everywhere.",1719392865000
Nicoll Highway,"Public transport is top-notch, but the cost of living has really shot up recently.",1730131033000
Aljunied,"It’s affordable and spacious, but I wish there were more community events.",1657940087000
Punggol Coast,"I’ve had some great memories here, but lately it feels like the area is losing its charm.",1602904953000
Gul Circle,"Excellent shopping malls and entertainment hubs, though parking is a huge pain.",1668647802000
Tai Seng,Overcrowded buses and trains during rush hour ruin an otherwise pleasant place to live.,1734988688000
Woodlands,"The vibe here is really artistic and creative, with lots of quirky little shops and cafés.",1625331666000
Marina Bay,"Hard to find parking, and drivers can be aggressive, but local shops are worth the hassle.",1598557493000
Pioneer,"The area is historic and full of charm, but tourists crowd it on weekends.",1733603451000
Tanah Merah,"Rents are overpriced for what you get, but some people might be okay paying for convenience.",1656375508000
Simei,"Fresh produce, peaceful evenings, and helpful neighbors — couldn’t ask for more.",1736612292000
Potong Pasir,There are way too many cars and the noise never stops. I wouldn't recommend it for families.,1672790841000
Expo,"Small, quiet streets with minimal traffic. It's a great escape from the city's chaos.",1611249217000
Botanic Gardens,"A bit rundown in places, but it has heart. You can tell people really care about it.",1729986224000
Kovan,I love how peaceful and green this area is. It's a hidden gem with lovely walking trails.,1592534686000
City Hall,"The food options are amazing, and there's a strong sense of community here. Definitely a plus.",1686676853000
Paya Lebar,"I moved here for work, and honestly, the commute is brutal. Not ideal if you value your time.",1702869899000
Sengkang,"A lot of new construction going on, which means dust and noise, but also potential growth.",1580286253000
Raffles Place,"It's clean, quiet, and has good schools nearby. A fantastic place to raise kids.",1628548279000
Farrer Road,"The air quality is better than most parts of the city, which is a huge win for me.",1653643313000
Kovan,"Everywhere is walkable and beautifully maintained, but nightlife is practically nonexistent.",1661968903000
Dover,"Lots of construction dust and uneven roads, but it’s expected with all the new developments.",1605657637000
Yishun,"It’s a student-heavy area, which keeps things lively, but also makes it noisy at night.",1624276859000
Tuas Link,"Parks and open spaces are everywhere, but the roads are a nightmare during peak hours.",1581251939000
Kranji,I adore the local bakeries and morning atmosphere. It's a refreshing start to each day.,1649859672000
Punggol Coast,"Friendly neighbors, chill environment, but it's too far from the city for my liking.",1628428803000
Joo Koon,"While it's generally safe, there have been some sketchy incidents late at night that concern me.",1690327469000
Clementi,"The crime rate is low, but the lack of entertainment options makes weekends feel boring.",1713319192000
Newton,"There's a great farmer's market every weekend, and it's very pet friendly too!",1653560821000
Tuas Link,A mix of modern and traditional culture makes living here quite interesting.,1697670191000
Chinatown,"Great for outdoor lovers — cycling trails, nature reserves, and scenic lookouts everywhere.",1684678439000
Clarke Quay,"Public transport is top-notch, but the cost of living has really shot up recently.",1710371322000
Serangoon,"It’s affordable and spacious, but I wish there were more community events.",1695654578000
Kallang,"I’ve had some great memories here, but lately it feels like the area is losing its charm.",1676023354000
Novena,"Excellent shopping malls and entertainment hubs, though parking is a huge pain.",1686856326000
Bukit Gombak,Overcrowded buses and trains during rush hour ruin an otherwise pleasant place to live.,1639945531000
Punggol Coast,"The vibe here is really artistic and creative, with lots of quirky little shops and cafés.",1625470815000
Choa Chu Kang,"Hard to find parking, and drivers can be aggressive, but local shops are worth the hassle.",1644437307000
Dhoby Ghaut,"The area is historic and full of charm, but tourists crowd it on weekends.",1627121091000
Esplanade,"Rents are overpriced for what you get, but some people might be okay paying for convenience.",1723481296000
Buona Vista,"Fresh produce, peaceful evenings, and helpful neighbors — couldn’t ask for more.",1589108875000
Bukit Batok,There are way too many cars and the noise never stops. I wouldn't recommend it for families.,1599959774000
Canberra,"Small, quiet streets with minimal traffic. It's a great escape from the city's chaos.",1608294850000
Punggol Coast,"A bit rundown in places, but it has heart. You can tell people really care about it.",1638401532000
Tanjong Pagar,I love how peaceful and green this area is. It's a hidden gem with lovely walking trails.,1699380121000
Toa Payoh,"The food options are amazing, and there's a strong sense of community here. Definitely a plus.",1727398911000
Boon Keng,"I moved here for work, and honestly, the commute is brutal. Not ideal if you value your time.",1707144014000
Bishan,"A lot of new construction going on, which means dust and noise, but also potential growth.",1685798283000
Kembangan,"It's clean, quiet, and has good schools nearby. A fantastic place to raise kids.",1649400336000
Queenstown,"The air quality is better than most parts of the city, which is a huge win for me.",1723736590000
Tuas Crescent,"Everywhere is walkable and beautifully maintained, but nightlife is practically nonexistent.",1742120774000
Admiralty,"Lots of construction dust and uneven roads, but it’s expected with all the new developments.",1642801645000
Farrer Road,"It’s a student-heavy area, which keeps things lively, but also makes it noisy at night.",1721107203000
Novena,"Parks and open spaces are everywhere, but the roads are a nightmare during peak hours.",1712073347000
Gul Circle,I adore the local bakeries and morning atmosphere. It's a refreshing start to each day.,1699366895000
Farrer Park,"Friendly neighbors, chill environment, but it's too far from the city for my liking.",1630658679000
HarbourFront,"While it's generally safe, there have been some sketchy incidents late at night that concern me.",1592808686000
Woodlands,"The crime rate is low, but the lack of entertainment options makes weekends feel boring.",1703871809000
Redhill,"There's a great farmer's market every weekend, and it's very pet friendly too!",1697480790000
Bartley,A mix of modern and traditional culture makes living here quite interesting.,1581173289000
Lorong Chuan,"Great for outdoor lovers — cycling trails, nature reserves, and scenic lookouts everywhere.",1591681432000
Braddell,"Public transport is top-notch, but the cost of living has really shot up recently.",1660965805000
Tanjong Pagar,"It’s affordable and spacious, but I wish there were more community events.",1618953789000
Farrer Park,"I’ve had some great memories here, but lately it feels like the area is losing its charm.",1646982313000
MacPherson,"Excellent shopping malls and entertainment hubs, though parking is a huge pain.",1715562423000
Marina South Pier,Overcrowded buses and trains during rush hour ruin an otherwise pleasant place to live.,1640360316000
Somerset,"The vibe here is really artistic and creative, with lots of quirky little shops and cafés.",1728313209000
Woodleigh,"Hard to find parking, and drivers can be aggressive, but local shops are worth the hassle.",1631529019000
Tuas Crescent,"The area is historic and full of charm, but tourists crowd it on weekends.",1594656155000
Woodleigh,"Rents are overpriced for what you get, but some people might be okay paying for convenience.",1657213980000
Tai Seng,"Fresh produce, peaceful evenings, and helpful neighbors — couldn’t ask for more.",1707949544000
Esplanade,There are way too many cars and the noise never stops. I wouldn't recommend it for families.,1656203511000
Promenade,"Small, quiet streets with minimal traffic. It's a great escape from the city's chaos.",1619871685000
Dhoby Ghaut,"A bit rundown in places, but it has heart. You can tell people really care about it.",1623316021000
Kovan,I love how peaceful and green this area is. It's a hidden gem with lovely walking trails.,1690821544000
Novena,"The food options are amazing, and there's a strong sense of community here. Definitely a plus.",1679921855000
Bras Basah,"I moved here for work, and honestly, the commute is brutal. Not ideal if you value your time.",1650776612000
Marymount,"A lot of new construction going on, which means dust and noise, but also potential growth.",1635522653000
Kembangan,"It's clean, quiet, and has good schools nearby. A fantastic place to raise kids.",1607475825000
Bukit Gombak,"The air quality is better than most parts of the city, which is a huge win for me.",1737408312000
Bukit Gombak,"Everywhere is walkable and beautifully maintained, but nightlife is practically nonexistent.",1580160930000
Kranji,"Lots of construction dust and uneven roads, but it’s expected with all the new developments.",1630885729000
Canberra,"It’s a student-heavy area, which keeps things lively, but also makes it noisy at night.",1690402557000
Kovan,"Parks and open spaces are everywhere, but the roads are a nightmare during peak hours.",1721253390000
Kallang,I adore the local bakeries and morning atmosphere. It's a refreshing start to each day.,1648531484000
Clarke Quay,"Friendly neighbors, chill environment, but it's too far from the city for my liking.",1710134064000
Lorong Chuan,"While it's generally safe, there have been some sketchy incidents late at night that concern me.",1719271056000
Lakeside,"The crime rate is low, but the lack of entertainment options makes weekends feel boring.",1625019161000
Yew Tee,"There's a great farmer's market every weekend, and it's very pet friendly too!",1715181289000
Lavender,A mix of modern and traditional culture makes living here quite interesting.,1657434028000
Serangoon,"Great for outdoor lovers — cycling trails, nature reserves, and scenic lookouts everywhere.",1666283355000
Little India,"Public transport is top-notch, but the cost of living has really shot up recently.",1580118734000
Bukit Gombak,"It’s affordable and spacious, but I wish there were more community events.",1712281344000
Tai Seng,"I’ve had some great memories here, but lately it feels like the area is losing its charm.",1582888533000
Bishan,"Excellent shopping malls and entertainment hubs, though parking is a huge pain.",1657928521000
Kent Ridge,Overcrowded buses and trains during rush hour ruin an otherwise pleasant place to live.,1734294195000
Raffles Place,"The vibe here is really artistic and creative, with lots of quirky little shops and cafés.",1673715913000
Marsiling,"Hard to find parking, and drivers can be aggressive, but local shops are worth the hassle.",1715107811000
Holland Village,"The area is historic and full of charm, but tourists crowd it on weekends.",1584389654000
Chinese Garden,"Rents are overpriced for what you get, but some people might be okay paying for convenience.",1585349491000
Sembawang,"Fresh produce, peaceful evenings, and helpful neighbors — couldn’t ask for more.",1578551211000
Serangoon,There are way too many cars and the noise never stops. I wouldn't recommend it for families.,1593096391000
Jurong East,"Small, quiet streets with minimal traffic. It's a great escape from the city's chaos.",1720082459000
Promenade,"A bit rundown in places, but it has heart. You can tell people really care about it.",1662438440000
Yew Tee,I love how peaceful and green this area is. It's a hidden gem with lovely walking trails.,1662361876000
one-north,"The food options are amazing, and there's a strong sense of community here. Definitely a plus.",1737921926000
Canberra,"I moved here for work, and honestly, the commute is brutal. Not ideal if you value your time.",1590643435000
Farrer Park,"A lot of new construction going on, which means dust and noise, but also potential growth.",1630538160000
Bukit Batok,"It's clean, quiet, and has good schools nearby. A fantastic place to raise kids.",1712216093000
Lavender,"The air quality is better than most parts of the city, which is a huge win for me.",1721686331000
Yio Chu Kang,"Everywhere is walkable and beautifully maintained, but nightlife is practically nonexistent.",1659265884000
Yishun,"Lots of construction dust and uneven roads, but it’s expected with all the new developments.",1629356914000
Tuas West Road,"It’s a student-heavy area, which keeps things lively, but also makes it noisy at night.",1643173221000
Ang Mo Kio,"Parks and open spaces are everywhere, but the roads are a nightmare during peak hours.",1641871569000
Tanjong Pagar,I adore the local bakeries and morning atmosphere. It's a refreshing start to each day.,1598704890000
Bukit Gombak,"Friendly neighbors, chill environment, but it's too far from the city for my liking.",1741777440000
Braddell,"While it's generally safe, there have been some sketchy incidents late at night that concern me.",1602799734000
Promenade,"The crime rate is low, but the lack of entertainment options makes weekends feel boring.",1740074931000
Redhill,"There's a great farmer's market every weekend, and it's very pet friendly too!",1641976052000
Bartley,A mix of modern and traditional culture makes living here quite interesting.,1653674989000
Potong Pasir,"Great for outdoor lovers — cycling trails, nature reserves, and scenic lookouts everywhere.",1708074803000
Bukit Batok,"Public transport is top-notch, but the cost of living has really shot up recently.",1711789235000
Toa Payoh,"It’s affordable and spacious, but I wish there were more community events.",1582257356000
Clementi,"I’ve had some great memories here, but lately it feels like the area is losing its charm.",1720271814000
Somerset,"Excellent shopping malls and entertainment hubs, though parking is a huge pain.",1715832018000
Outram Park,Overcrowded buses and trains during rush hour ruin an otherwise pleasant place to live.,1660871195000
Esplanade,"The vibe here is really artistic and creative, with lots of quirky little shops and cafés.",1682513127000
MacPherson,"Hard to find parking, and drivers can be aggressive, but local shops are worth the hassle.",1608801312000
Nicoll Highway,"The area is historic and full of charm, but tourists crowd it on weekends.",1646560642000
Somerset,"Rents are overpriced for what you get, but some people might be okay paying for convenience.",1735176558000
Esplanade,"Fresh produce, peaceful evenings, and helpful neighbors — couldn’t ask for more.",1579039173000
Commonwealth,There are way too many cars and the noise never stops. I wouldn't recommend it for families.,1687599471000
Bishan,"Small, quiet streets with minimal traffic. It's a great escape from the city's chaos.",1717537351000
Mountbatten,"A bit rundown in places, but it has heart. You can tell people really care about it.",1626260716000
Bugis,I love how peaceful and green this area is. It's a hidden gem with lovely walking trails.,1671921407000
Holland Village,"The food options are amazing, and there's a strong sense of community here. Definitely a plus.",1731855883000
Lorong Chuan,"I moved here for work, and honestly, the commute is brutal. Not ideal if you value your time.",1676630125000
Expo,"A lot of new construction going on, which means dust and noise, but also potential growth.",1722359847000
Novena,"It's clean, quiet, and has good schools nearby. A fantastic place to raise kids.",1580395664000
Outram Park,"The air quality is better than most parts of the city, which is a huge win for me.",1732384829000
Dakota,"Everywhere is walkable and beautifully maintained, but nightlife is practically nonexistent.",1646759262000
Marina South Pier,"Lots of construction dust and uneven roads, but it’s expected with all the new developments.",1711093273000
Buona Vista,"It’s a student-heavy area, which keeps things lively, but also makes it noisy at night.",1724435039000
Tuas Crescent,"Parks and open spaces are everywhere, but the roads are a nightmare during peak hours.",1596773287000
